{
    "default": {
        "axLxlim": [
            20009.698472222222,
            20415.09736111111
        ],
        "axLylim": [
            -9.45618500689668,
            197.83603455603173
        ],
        "series_visible": [
            1,
            1,
            1,
            1,
            1,
            1,
            1,
            1,
            1,
            1,
            1,
            1,
            1,
            1,
            1,
            1,
            1,
            1,
            1
        ],
        "axRxlim": [
            20009.698472222222,
            20415.09736111111
        ],
        "axRylim": [
            -109.4707424323611,
            6.260511544398149
        ]
    },
    "Fl\u00f6den och Fl\u00f6desdiff": {
        "axLxlim": [
            20009.698472222222,
            20415.09736111111
        ],
        "axLylim": [
            0.0,
            170.0
        ],
        "series_visible": [
            0,
            0,
            0,
            0,
            0,
            1,
            1,
            0,
            1,
            1,
            1,
            1,
            1,
            0,
            1,
            1,
            0,
            1,
            1
        ],
        "axRxlim": [
            20009.698472222222,
            20415.09736111111
        ],
        "axRylim": [
            -0.8,
            0.3
        ]
    },
    "Hastighet FT-10101 och Fl\u00f6desdiff": {
        "axLxlim": [
            20009.698472222222,
            20415.09736111111
        ],
        "axLylim": [
            -0.0370210081741365,
            0.7774398489024505
        ],
        "series_visible": [
            0,
            0,
            1,
            1,
            0,
            1,
            1
        ],
        "axRxlim": [
            20009.698472222222,
            20415.09736111111
        ],
        "axRylim": [
            -0.8,
            0.3
        ]
    }
}