{
    "default": {
        "axLxlim": [
            20009.698472222222,
            20415.09736111111
        ],
        "axLylim": [
            -9.45618500689668,
            197.83603455603173
        ],
        "series_visible": [
            1,
            1,
            1,
            1,
            1,
            1,
            1,
            1,
            1,
            1,
            1,
            1,
            1,
            1,
            1,
            1,
            1,
            1,
            1
        ],
        "axRxlim": [
            20009.698472222222,
            20415.09736111111
        ],
        "axRylim": [
            -109.4707424323611,
            6.260511544398149
        ]
    },
    "Fl\u00f6den och Fl\u00f6desdiff": {
        "axLxlim": [
            20009.698472222222,
            20415.09736111111
        ],
        "axLylim": [
            0.0,
            170.0
        ],
        "series_visible": [
            0,
            0,
            0,
            0,
            1,
            1,
            1,
            1,
            1,
            1,
            1,
            1,
            1,
            1,
            1,
            1,
            1,
            1,
            1,
            1,
            0,
            0,
            1,
            1
        ],
        "axRxlim": [
            20009.698472222222,
            20415.09736111111
        ],
        "axRylim": [
            -0.8,
            0.3
        ]
    },
    "Hastighet FT-10101 och Fl\u00f6desdiff": {
        "axLxlim": [
            20009.698472222222,
            20415.09736111111
        ],
        "axLylim": [
            0.0,
            170.0
        ],
        "series_visible": [
            0,
            0,
            0,
            1,
            1,
            0,
            0,
            1,
            1
        ],
        "axRxlim": [
            20009.698472222222,
            20415.09736111111
        ],
        "axRylim": [
            -0.8,
            0.3
        ]
    },
    "Fl\u00f6den och Fl\u00f6desdiff (19 series)": {
        "axLxlim": [
            20009.698472222222,
            20415.09736111111
        ],
        "axLylim": [
            0.2810531487584278,
            169.14545961266634
        ],
        "series_visible": [
            0,
            0,
            0,
            0,
            0,
            0,
            0,
            0,
            0,
            0,
            0,
            0,
            0,
            0,
            0,
            0,
            0,
            1,
            1
        ],
        "auto_update": 0,
        "axRxlim": [
            20009.698472222222,
            20415.09736111111
        ],
        "axRylim": [
            -0.7978507700389063,
            0.4934652793909775
        ]
    },
    "Hastighet FT-10101 och Fl\u00f6desdiff (7 series)": {
        "axLxlim": [
            20009.698472222222,
            20415.09736111111
        ],
        "axLylim": [
            0.0,
            1.0
        ],
        "series_visible": [
            0,
            0,
            1,
            1,
            0,
            1,
            1
        ],
        "auto_update": 0,
        "axRxlim": [
            20009.698472222222,
            20415.09736111111
        ],
        "axRylim": [
            -0.8,
            0.3
        ]
    },
    "Fl\u00f6den och Fl\u00f6desdiff laggkomp (19 series)": {
        "axLxlim": [
            20009.698472222222,
            20415.09736111111
        ],
        "axLylim": [
            93.069807858033,
            101.49281410883344
        ],
        "series_visible": [
            0,
            0,
            0,
            0,
            0,
            0,
            0,
            0,
            0,
            0,
            0,
            0,
            0,
            0,
            0,
            0,
            0,
            0,
            0,
            0,
            0,
            0,
            0,
            1,
            1,
            0
        ],
        "auto_update": 1,
        "axRxlim": [
            20009.698472222222,
            20415.09736111111
        ],
        "axRylim": [
            -0.5665060274151725,
            0.5904651212174064
        ]
    },
    "Kumsumfl\u00f6den in och ut (19 series)": {
        "axLxlim": [
            20009.698472222222,
            20415.09736111111
        ],
        "axLylim": [
            -9.45618500689668,
            197.83603455603173
        ],
        "series_visible": [
            0,
            0,
            0,
            0,
            0,
            0,
            0,
            0,
            0,
            0,
            0,
            0,
            0,
            0,
            0,
            0,
            0,
            0,
            0,
            0,
            0,
            0,
            0,
            1
        ],
        "auto_update": 0,
        "axRxlim": [
            20009.698472222222,
            20415.09736111111
        ],
        "axRylim": [
            -49.470436538866636,
            28.18236729925106
        ]
    },
    "Fl\u00f6den och Fl\u00f6desdiff (23 series)": {
        "axLxlim": [
            20300.347268584068,
            20333.072608832408
        ],
        "axLylim": [
            -1.53e-05,
            103.794743092855
        ],
        "series_visible": [
            0,
            0,
            0,
            0,
            0,
            0,
            1,
            0,
            0,
            1,
            0,
            0,
            1,
            0,
            0,
            1,
            0,
            0,
            0,
            0,
            0,
            0,
            0
        ],
        "auto_update": 0,
        "axRxlim": [
            20300.347268584068,
            20333.072608832408
        ],
        "axRylim": [
            -0.8,
            0.2964689459186596
        ]
    },
    "Fl\u00f6den och Fl\u00f6desdiff (39 series)": {
        "axLxlim": [
            20387.934040598633,
            20392.676083474555
        ],
        "axLylim": [
            0.0,
            65.695545679459
        ],
        "series_visible": [
            0,
            1,
            1,
            0,
            0,
            0,
            0,
            0,
            0,
            1,
            1,
            0,
            0,
            1,
            1,
            0,
            0,
            1,
            0,
            0,
            0,
            1,
            1,
            0,
            0,
            0,
            0,
            0,
            0,
            0,
            0,
            0,
            0,
            0,
            0,
            0,
            0,
            0,
            0
        ],
        "auto_update": 0,
        "axRxlim": [
            20387.934040598633,
            20392.676083474555
        ],
        "axRylim": [
            -86.98739925179932,
            -73.85236450130888
        ]
    }
}