{
    "axLxlim": [
        20009.698472222222,
        20415.09736111111
    ],
    "axLylim": [
        -0.0370210081741365,
        0.7774398489024505
    ],
    "series_visible": [
        1,
        1,
        1,
        1,
        0,
        1,
        1
    ],
    "axRxlim": [
        20009.698472222222,
        20415.09736111111
    ],
    "axRylim": [
        -0.8,
        0.3
    ]
}