{
    "axLxlim": [
        20009.82795138889,
        20409.613020833334
    ],
    "axLylim": [
        0.0,
        85.0
    ],
    "series_visible": [
        0,
        0,
        0,
        0,
        1,
        0,
        0,
        1,
        0,
        0,
        1
    ],
    "axRxlim": [
        20009.82795138889,
        20409.613020833334
    ],
    "axRylim": [
        -0.5,
        0.2
    ]
}